SerialNumber,y_debt,split,logistic_l2_lasso_top15_pred,knn_lasso_top15_pred,kernel_logistic_rbf_lasso_top15_pred,majority_vote_pred,majority_vote_error
1,0,train,0.0,0.0,0.0,0,0
2,0,test,0.0,0.0,0.0,0,0
3,0,train,0.0,1.0,0.0,0,0
4,0,train,0.0,0.0,0.0,0,0
5,0,test,0.0,0.0,0.0,0,0
6,0,test,0.0,0.0,0.0,0,0
7,0,train,0.0,0.0,0.0,0,0
8,0,train,0.0,0.0,0.0,0,0
9,0,train,0.0,0.0,0.0,0,0
10,0,train,0.0,0.0,0.0,0,0
11,0,test,0.0,0.0,0.0,0,0
12,0,train,0.0,0.0,0.0,0,0
13,0,train,0.0,0.0,0.0,0,0
14,0,test,0.0,0.0,0.0,0,0
15,0,train,0.0,0.0,0.0,0,0
16,0,test,0.0,0.0,0.0,0,0
17,0,train,0.0,0.0,0.0,0,0
18,0,train,0.0,0.0,0.0,0,0
19,0,test,0.0,0.0,0.0,0,0
20,0,train,0.0,0.0,0.0,0,0
21,0,train,0.0,0.0,0.0,0,0
22,0,train,0.0,0.0,0.0,0,0
23,0,test,0.0,0.0,0.0,0,0
24,1,train,0.0,1.0,0.0,0,1
25,0,train,0.0,0.0,0.0,0,0
26,0,train,0.0,0.0,0.0,0,0
27,0,train,0.0,0.0,0.0,0,0
28,0,train,0.0,0.0,0.0,0,0
29,0,train,1.0,1.0,1.0,1,1
30,1,test,1.0,1.0,1.0,1,0
31,0,train,0.0,0.0,0.0,0,0
32,0,train,0.0,0.0,0.0,0,0
33,0,train,0.0,0.0,0.0,0,0
34,0,train,0.0,0.0,0.0,0,0
35,0,test,0.0,0.0,0.0,0,0
36,0,train,0.0,0.0,0.0,0,0
37,0,test,0.0,0.0,0.0,0,0
38,0,train,0.0,0.0,0.0,0,0
39,0,train,0.0,0.0,0.0,0,0
40,0,test,0.0,0.0,0.0,0,0
41,0,train,0.0,0.0,0.0,0,0
42,1,train,1.0,1.0,1.0,1,0
43,0,test,0.0,0.0,0.0,0,0
44,0,train,0.0,0.0,0.0,0,0
46,0,test,0.0,1.0,0.0,0,0
47,0,test,0.0,0.0,0.0,0,0
48,0,train,0.0,0.0,0.0,0,0
49,0,train,0.0,0.0,0.0,0,0
50,0,train,0.0,0.0,0.0,0,0
51,0,train,1.0,1.0,1.0,1,1
52,0,train,0.0,0.0,0.0,0,0
53,0,train,0.0,0.0,0.0,0,0
54,0,test,0.0,0.0,0.0,0,0
55,1,test,1.0,1.0,1.0,1,0
56,0,train,0.0,0.0,0.0,0,0
57,0,train,0.0,0.0,0.0,0,0
58,0,test,0.0,0.0,0.0,0,0
59,1,train,0.0,0.0,0.0,0,1
61,1,train,0.0,0.0,0.0,0,1
62,0,train,0.0,1.0,0.0,0,0
63,0,train,0.0,0.0,0.0,0,0
64,0,train,0.0,0.0,0.0,0,0
65,0,train,0.0,0.0,0.0,0,0
66,0,test,0.0,0.0,0.0,0,0
67,0,train,0.0,0.0,0.0,0,0
68,0,train,0.0,0.0,0.0,0,0
69,0,train,0.0,1.0,0.0,0,0
70,0,train,0.0,0.0,0.0,0,0
71,1,test,0.0,1.0,0.0,0,1
72,1,test,0.0,0.0,0.0,0,1
73,0,train,0.0,0.0,0.0,0,0
74,0,test,0.0,0.0,0.0,0,0
75,0,train,0.0,0.0,0.0,0,0
76,0,test,0.0,0.0,0.0,0,0
77,0,train,0.0,0.0,0.0,0,0
78,0,test,0.0,0.0,0.0,0,0
79,0,train,0.0,0.0,0.0,0,0
80,0,test,0.0,0.0,0.0,0,0
81,0,test,0.0,0.0,0.0,0,0
82,0,train,0.0,0.0,0.0,0,0
84,0,train,0.0,0.0,0.0,0,0
85,0,train,0.0,0.0,0.0,0,0
86,1,train,1.0,1.0,1.0,1,0
87,0,train,0.0,0.0,0.0,0,0
88,1,test,0.0,0.0,0.0,0,1
89,0,train,0.0,0.0,0.0,0,0
90,0,test,0.0,0.0,0.0,0,0
91,0,train,0.0,0.0,0.0,0,0
92,0,test,0.0,0.0,0.0,0,0
93,0,train,0.0,0.0,0.0,0,0
94,0,train,0.0,0.0,0.0,0,0
95,0,test,0.0,0.0,0.0,0,0
96,1,train,0.0,0.0,0.0,0,1
97,0,train,0.0,0.0,0.0,0,0
98,0,train,0.0,0.0,0.0,0,0
99,0,train,0.0,0.0,0.0,0,0
100,0,train,0.0,0.0,0.0,0,0
101,0,train,0.0,0.0,0.0,0,0
102,0,test,0.0,0.0,0.0,0,0
103,0,train,0.0,0.0,0.0,0,0
104,0,test,0.0,0.0,0.0,0,0
105,0,train,0.0,0.0,0.0,0,0
106,0,train,0.0,0.0,0.0,0,0
107,0,train,1.0,1.0,1.0,1,1
108,0,test,0.0,0.0,0.0,0,0
109,0,test,0.0,0.0,0.0,0,0
110,0,test,0.0,0.0,0.0,0,0
111,0,train,0.0,0.0,0.0,0,0
112,1,test,0.0,0.0,0.0,0,1
113,0,train,1.0,1.0,0.0,1,1
114,0,train,0.0,1.0,0.0,0,0
115,0,train,0.0,0.0,0.0,0,0
116,0,train,0.0,0.0,0.0,0,0
117,0,train,0.0,0.0,0.0,0,0
118,0,test,0.0,0.0,0.0,0,0
119,0,train,0.0,1.0,0.0,0,0
120,0,train,1.0,1.0,1.0,1,1
121,0,test,0.0,0.0,0.0,0,0
122,0,test,0.0,0.0,0.0,0,0
123,0,train,0.0,0.0,0.0,0,0
124,1,test,1.0,1.0,1.0,1,0
125,0,train,0.0,1.0,0.0,0,0
126,0,test,0.0,0.0,0.0,0,0
127,1,train,0.0,0.0,0.0,0,1
128,0,train,0.0,0.0,0.0,0,0
129,0,test,0.0,0.0,0.0,0,0
130,1,train,1.0,1.0,1.0,1,0
131,0,test,0.0,0.0,0.0,0,0
132,0,test,0.0,0.0,0.0,0,0
133,0,test,0.0,0.0,0.0,0,0
134,0,train,0.0,0.0,0.0,0,0
135,1,train,1.0,1.0,1.0,1,0
136,0,train,0.0,1.0,0.0,0,0
137,0,test,0.0,0.0,0.0,0,0
138,0,train,0.0,0.0,0.0,0,0
139,0,train,0.0,0.0,0.0,0,0
140,0,train,0.0,0.0,0.0,0,0
141,0,train,0.0,0.0,0.0,0,0
142,0,test,0.0,0.0,0.0,0,0
143,0,test,0.0,0.0,0.0,0,0
146,0,train,1.0,0.0,1.0,1,1
147,0,train,0.0,1.0,1.0,1,1
148,0,train,0.0,0.0,0.0,0,0
149,1,train,0.0,0.0,0.0,0,1
150,0,train,0.0,0.0,0.0,0,0
151,0,train,0.0,0.0,0.0,0,0
152,0,train,0.0,0.0,0.0,0,0
153,0,train,0.0,0.0,0.0,0,0
154,0,train,0.0,1.0,0.0,0,0
155,0,train,1.0,1.0,1.0,1,1
156,0,train,0.0,0.0,0.0,0,0
158,0,test,1.0,1.0,1.0,1,1
159,0,train,0.0,0.0,0.0,0,0
160,1,test,1.0,1.0,1.0,1,0
161,1,train,1.0,1.0,0.0,1,0
163,0,train,0.0,0.0,0.0,0,0
164,0,test,0.0,0.0,0.0,0,0
165,0,train,1.0,1.0,1.0,1,1
166,0,train,0.0,0.0,0.0,0,0
167,0,train,0.0,0.0,0.0,0,0
168,0,test,0.0,0.0,0.0,0,0
169,0,train,0.0,0.0,0.0,0,0
170,0,train,0.0,1.0,0.0,0,0
171,0,train,0.0,0.0,0.0,0,0
172,1,train,1.0,1.0,1.0,1,0
173,1,train,0.0,0.0,0.0,0,1
174,1,test,1.0,0.0,1.0,1,0
175,0,train,0.0,0.0,0.0,0,0
176,0,train,0.0,0.0,0.0,0,0
177,0,train,0.0,0.0,0.0,0,0
178,0,test,0.0,0.0,0.0,0,0
179,1,test,0.0,0.0,0.0,0,1
180,0,test,0.0,1.0,0.0,0,0
181,0,train,0.0,0.0,0.0,0,0
182,0,train,0.0,0.0,0.0,0,0
183,0,train,0.0,0.0,0.0,0,0
184,0,train,0.0,0.0,0.0,0,0
185,0,train,0.0,0.0,0.0,0,0
186,0,train,0.0,0.0,0.0,0,0
187,1,train,1.0,1.0,1.0,1,0
188,0,train,0.0,0.0,0.0,0,0
190,0,test,0.0,0.0,0.0,0,0
191,0,test,0.0,0.0,0.0,0,0
192,0,train,0.0,0.0,0.0,0,0
193,1,test,0.0,0.0,0.0,0,1
194,1,train,1.0,1.0,1.0,1,0
195,0,train,0.0,0.0,0.0,0,0
196,1,test,1.0,1.0,1.0,1,0
197,0,test,0.0,0.0,0.0,0,0
198,0,train,0.0,0.0,0.0,0,0
199,0,train,0.0,0.0,0.0,0,0
200,0,train,0.0,0.0,0.0,0,0
201,0,test,0.0,0.0,0.0,0,0
202,0,train,0.0,0.0,0.0,0,0
203,0,test,0.0,0.0,0.0,0,0
204,1,train,0.0,0.0,0.0,0,1
206,0,train,0.0,0.0,0.0,0,0
207,1,test,0.0,0.0,0.0,0,1
208,0,train,0.0,0.0,0.0,0,0
209,0,test,0.0,0.0,0.0,0,0
210,0,train,0.0,0.0,0.0,0,0
211,0,train,0.0,0.0,0.0,0,0
212,1,train,1.0,1.0,1.0,1,0
213,0,train,0.0,0.0,0.0,0,0
214,0,train,0.0,1.0,0.0,0,0
215,0,test,0.0,0.0,0.0,0,0
216,0,train,0.0,0.0,0.0,0,0
217,0,test,0.0,0.0,0.0,0,0
218,0,train,0.0,0.0,0.0,0,0
219,0,train,1.0,0.0,0.0,0,0
220,0,train,0.0,0.0,0.0,0,0
221,0,test,0.0,0.0,0.0,0,0
222,0,test,0.0,0.0,0.0,0,0
223,0,train,1.0,1.0,0.0,1,1
224,0,train,1.0,1.0,1.0,1,1
225,0,train,0.0,0.0,0.0,0,0
226,0,test,0.0,0.0,0.0,0,0
227,0,test,0.0,0.0,0.0,0,0
228,0,test,0.0,0.0,0.0,0,0
229,1,train,1.0,1.0,0.0,1,0
231,0,test,0.0,0.0,0.0,0,0
232,0,test,0.0,0.0,0.0,0,0
233,0,train,0.0,0.0,0.0,0,0
234,0,train,0.0,0.0,0.0,0,0
235,0,train,0.0,0.0,0.0,0,0
236,1,train,1.0,1.0,1.0,1,0
237,0,train,0.0,0.0,0.0,0,0
238,0,test,0.0,0.0,0.0,0,0
239,0,test,0.0,0.0,0.0,0,0
240,0,train,0.0,0.0,0.0,0,0
241,0,train,0.0,0.0,0.0,0,0
242,0,train,0.0,0.0,0.0,0,0
243,0,train,0.0,0.0,0.0,0,0
244,1,train,0.0,1.0,0.0,0,1
245,1,train,1.0,1.0,1.0,1,0
246,0,train,0.0,0.0,0.0,0,0
247,0,train,0.0,0.0,0.0,0,0
248,1,test,1.0,1.0,1.0,1,0
249,0,train,0.0,1.0,0.0,0,0
250,0,train,0.0,0.0,0.0,0,0
251,0,test,0.0,0.0,0.0,0,0
252,0,train,0.0,0.0,0.0,0,0
253,1,test,0.0,1.0,0.0,0,1
254,0,test,0.0,0.0,0.0,0,0
255,0,train,0.0,0.0,0.0,0,0
257,1,train,1.0,1.0,1.0,1,0
258,0,test,0.0,0.0,0.0,0,0
259,0,test,0.0,0.0,0.0,0,0
260,0,train,0.0,0.0,0.0,0,0
261,0,test,0.0,1.0,0.0,0,0
262,0,train,0.0,0.0,0.0,0,0
263,0,test,0.0,0.0,0.0,0,0
264,0,train,0.0,0.0,0.0,0,0
265,0,test,0.0,0.0,0.0,0,0
266,0,train,0.0,0.0,0.0,0,0
267,1,train,0.0,0.0,0.0,0,1
268,0,train,0.0,0.0,0.0,0,0
269,0,train,0.0,0.0,0.0,0,0
270,0,train,0.0,0.0,0.0,0,0
271,0,test,0.0,0.0,0.0,0,0
272,0,train,0.0,0.0,0.0,0,0
273,0,test,0.0,1.0,0.0,0,0
274,0,train,0.0,0.0,0.0,0,0
275,0,train,0.0,1.0,0.0,0,0
276,0,train,0.0,0.0,0.0,0,0
277,0,test,0.0,1.0,0.0,0,0
278,0,test,0.0,1.0,0.0,0,0
279,0,train,1.0,0.0,0.0,0,0
280,0,train,0.0,0.0,0.0,0,0
281,0,train,0.0,0.0,0.0,0,0
282,0,train,0.0,0.0,0.0,0,0
283,0,test,0.0,0.0,0.0,0,0
284,0,train,0.0,0.0,0.0,0,0
285,0,train,0.0,0.0,0.0,0,0
286,0,train,0.0,0.0,0.0,0,0
287,1,test,1.0,1.0,1.0,1,0
288,0,train,0.0,0.0,0.0,0,0
289,0,train,0.0,0.0,0.0,0,0
290,0,train,0.0,0.0,0.0,0,0
291,0,test,0.0,0.0,0.0,0,0
292,1,test,0.0,0.0,0.0,0,1
293,0,train,0.0,0.0,0.0,0,0
294,1,test,0.0,1.0,0.0,0,1
295,0,train,0.0,0.0,0.0,0,0
296,0,train,0.0,0.0,0.0,0,0
297,1,test,1.0,1.0,1.0,1,0
298,0,train,0.0,0.0,0.0,0,0
299,0,train,0.0,0.0,0.0,0,0
300,0,train,0.0,0.0,0.0,0,0
301,0,test,0.0,0.0,0.0,0,0
302,0,train,0.0,0.0,0.0,0,0
303,0,test,0.0,1.0,0.0,0,0
304,0,train,1.0,1.0,1.0,1,1
305,0,test,0.0,0.0,0.0,0,0
307,0,train,0.0,0.0,0.0,0,0
308,1,train,1.0,1.0,1.0,1,0
309,0,train,0.0,0.0,0.0,0,0
310,0,train,0.0,0.0,0.0,0,0
311,0,test,0.0,0.0,0.0,0,0
312,0,train,0.0,0.0,0.0,0,0
313,0,test,0.0,0.0,0.0,0,0
314,0,train,0.0,0.0,0.0,0,0
315,1,train,1.0,1.0,1.0,1,0
316,1,train,1.0,1.0,1.0,1,0
317,0,train,1.0,1.0,1.0,1,1
318,1,train,0.0,0.0,0.0,0,1
319,1,test,1.0,1.0,1.0,1,0
320,0,train,1.0,1.0,1.0,1,1
321,1,train,0.0,0.0,0.0,0,1
322,1,train,1.0,1.0,1.0,1,0
323,0,train,1.0,1.0,1.0,1,1
325,0,train,1.0,1.0,1.0,1,1
326,1,train,1.0,1.0,1.0,1,0
327,0,test,0.0,0.0,0.0,0,0
328,1,train,0.0,0.0,0.0,0,1
329,1,train,0.0,0.0,0.0,0,1
330,1,test,1.0,0.0,1.0,1,0
331,0,train,0.0,0.0,0.0,0,0
332,0,test,1.0,1.0,1.0,1,1
333,1,train,0.0,0.0,0.0,0,1
334,0,test,0.0,0.0,0.0,0,0
335,0,test,0.0,0.0,0.0,0,0
336,1,test,0.0,0.0,0.0,0,1
337,0,train,0.0,0.0,0.0,0,0
338,0,train,0.0,0.0,0.0,0,0
339,1,test,1.0,1.0,1.0,1,0
340,1,test,1.0,1.0,1.0,1,0
341,0,test,0.0,0.0,0.0,0,0
342,0,train,0.0,0.0,0.0,0,0
343,0,test,1.0,1.0,1.0,1,1
344,0,train,0.0,0.0,0.0,0,0
345,0,train,0.0,0.0,0.0,0,0
346,1,train,1.0,1.0,1.0,1,0
347,1,test,1.0,1.0,1.0,1,0
348,0,test,0.0,0.0,0.0,0,0
350,1,train,0.0,0.0,0.0,0,1
351,0,train,0.0,0.0,0.0,0,0
352,0,test,0.0,1.0,0.0,0,0
353,0,train,0.0,0.0,0.0,0,0
354,0,test,0.0,0.0,0.0,0,0
355,0,train,0.0,0.0,0.0,0,0
356,0,train,0.0,1.0,0.0,0,0
357,0,train,1.0,1.0,1.0,1,1
358,0,train,0.0,0.0,0.0,0,0
359,0,train,0.0,0.0,0.0,0,0
360,0,train,0.0,0.0,0.0,0,0
361,0,test,1.0,0.0,1.0,1,1
362,1,train,1.0,1.0,1.0,1,0
364,0,test,0.0,0.0,0.0,0,0
365,0,train,0.0,0.0,0.0,0,0
366,0,train,0.0,0.0,0.0,0,0
367,0,test,0.0,0.0,0.0,0,0
368,0,test,0.0,0.0,0.0,0,0
369,0,test,0.0,0.0,0.0,0,0
370,0,train,0.0,0.0,0.0,0,0
372,1,test,0.0,1.0,0.0,0,1
373,0,test,0.0,0.0,0.0,0,0
374,0,train,0.0,0.0,0.0,0,0
375,0,test,0.0,0.0,0.0,0,0
376,0,train,1.0,1.0,1.0,1,1
378,1,test,1.0,0.0,1.0,1,0
379,0,train,0.0,0.0,0.0,0,0
380,0,train,1.0,1.0,1.0,1,1
381,0,test,0.0,0.0,0.0,0,0
383,0,test,0.0,0.0,0.0,0,0
384,0,train,0.0,0.0,0.0,0,0
385,0,test,0.0,0.0,0.0,0,0
386,0,train,0.0,0.0,0.0,0,0
387,0,train,0.0,1.0,0.0,0,0
388,0,train,0.0,0.0,0.0,0,0
389,0,train,1.0,1.0,1.0,1,1
390,0,train,0.0,0.0,0.0,0,0
391,0,train,0.0,0.0,0.0,0,0
392,0,train,0.0,0.0,0.0,0,0
393,0,test,1.0,1.0,1.0,1,1
394,0,train,0.0,0.0,0.0,0,0
395,0,test,0.0,0.0,0.0,0,0
396,0,test,0.0,0.0,0.0,0,0
397,0,train,0.0,0.0,0.0,0,0
398,0,test,0.0,1.0,0.0,0,0
400,0,test,0.0,0.0,0.0,0,0
401,0,test,0.0,0.0,0.0,0,0
402,0,train,0.0,0.0,0.0,0,0
403,1,test,0.0,0.0,0.0,0,1
404,0,train,0.0,1.0,0.0,0,0
405,1,train,1.0,1.0,1.0,1,0
406,0,train,0.0,0.0,0.0,0,0
407,0,test,0.0,0.0,0.0,0,0
408,0,test,0.0,0.0,0.0,0,0
409,0,train,0.0,0.0,0.0,0,0
410,0,train,0.0,0.0,0.0,0,0
411,0,train,0.0,0.0,0.0,0,0
412,0,train,0.0,0.0,0.0,0,0
413,0,train,0.0,0.0,0.0,0,0
414,0,test,0.0,0.0,0.0,0,0
415,0,train,0.0,0.0,0.0,0,0
416,0,train,0.0,0.0,0.0,0,0
417,0,test,0.0,0.0,0.0,0,0
418,0,test,1.0,1.0,1.0,1,1
419,0,train,0.0,0.0,0.0,0,0
421,0,test,1.0,1.0,1.0,1,1
422,0,train,0.0,0.0,0.0,0,0
423,0,train,0.0,0.0,0.0,0,0
424,0,train,0.0,0.0,0.0,0,0
425,1,test,1.0,1.0,1.0,1,0
426,0,test,0.0,0.0,0.0,0,0
427,0,train,0.0,0.0,0.0,0,0
428,0,test,0.0,0.0,0.0,0,0
429,0,test,0.0,0.0,0.0,0,0
430,0,train,0.0,0.0,0.0,0,0
431,0,train,0.0,0.0,0.0,0,0
432,0,train,0.0,1.0,0.0,0,0
433,1,train,1.0,1.0,1.0,1,0
434,0,train,0.0,0.0,0.0,0,0
435,1,test,1.0,1.0,1.0,1,0
436,1,train,0.0,0.0,0.0,0,1
437,0,test,0.0,0.0,0.0,0,0
438,0,test,1.0,1.0,1.0,1,1
439,0,test,0.0,0.0,0.0,0,0
440,0,train,0.0,0.0,0.0,0,0
441,0,train,0.0,0.0,0.0,0,0
442,0,train,0.0,0.0,0.0,0,0
443,1,train,1.0,1.0,1.0,1,0
445,0,train,0.0,0.0,0.0,0,0
446,0,train,0.0,0.0,0.0,0,0
447,0,train,0.0,0.0,0.0,0,0
448,0,train,0.0,0.0,0.0,0,0
449,0,train,0.0,1.0,0.0,0,0
450,0,test,0.0,0.0,0.0,0,0
451,0,test,0.0,0.0,0.0,0,0
452,0,train,0.0,0.0,0.0,0,0
453,0,train,0.0,0.0,0.0,0,0
454,1,test,0.0,0.0,0.0,0,1
455,0,test,1.0,1.0,1.0,1,1
456,1,train,1.0,1.0,1.0,1,0
457,1,test,1.0,1.0,1.0,1,0
458,0,train,0.0,0.0,0.0,0,0
459,0,test,0.0,0.0,0.0,0,0
460,0,train,0.0,1.0,0.0,0,0
461,0,test,0.0,0.0,0.0,0,0
462,1,train,1.0,1.0,1.0,1,0
463,0,train,0.0,0.0,0.0,0,0
465,0,train,0.0,0.0,0.0,0,0
466,0,test,0.0,0.0,0.0,0,0
467,0,test,0.0,0.0,0.0,0,0
468,0,train,0.0,0.0,0.0,0,0
469,1,train,1.0,1.0,1.0,1,0
470,0,test,0.0,0.0,0.0,0,0
471,1,train,1.0,1.0,1.0,1,0
472,0,train,0.0,0.0,0.0,0,0
473,0,train,0.0,0.0,0.0,0,0
474,0,test,1.0,0.0,1.0,1,1
475,1,test,0.0,0.0,0.0,0,1
476,1,train,1.0,1.0,1.0,1,0
477,0,test,0.0,1.0,0.0,0,0
478,0,train,0.0,1.0,0.0,0,0
479,0,train,0.0,0.0,0.0,0,0
480,0,train,0.0,0.0,0.0,0,0
481,0,train,0.0,0.0,0.0,0,0
482,0,train,0.0,0.0,0.0,0,0
483,0,train,0.0,0.0,0.0,0,0
484,0,train,0.0,0.0,0.0,0,0
485,0,test,0.0,0.0,0.0,0,0
486,0,test,0.0,0.0,0.0,0,0
487,1,test,0.0,1.0,0.0,0,1
488,0,test,0.0,0.0,0.0,0,0
489,0,train,0.0,0.0,0.0,0,0
490,0,train,0.0,0.0,0.0,0,0
491,0,test,0.0,1.0,0.0,0,0
492,0,train,0.0,0.0,0.0,0,0
493,0,test,0.0,0.0,0.0,0,0
494,0,test,0.0,0.0,0.0,0,0
495,0,train,0.0,0.0,0.0,0,0
496,0,train,0.0,0.0,0.0,0,0
497,0,train,0.0,0.0,0.0,0,0
498,0,test,0.0,0.0,0.0,0,0
499,0,test,0.0,1.0,0.0,0,0
500,1,train,1.0,1.0,1.0,1,0
501,0,train,0.0,0.0,0.0,0,0
502,0,train,0.0,0.0,0.0,0,0
503,0,train,0.0,0.0,0.0,0,0
504,1,test,1.0,1.0,1.0,1,0
505,0,test,0.0,0.0,0.0,0,0
506,0,train,0.0,0.0,0.0,0,0
507,1,train,0.0,0.0,0.0,0,1
508,1,train,1.0,1.0,1.0,1,0
509,0,test,0.0,1.0,0.0,0,0
510,0,train,1.0,0.0,1.0,1,1
511,1,train,0.0,1.0,0.0,0,1
512,0,test,0.0,0.0,0.0,0,0
513,0,train,0.0,1.0,0.0,0,0
514,0,test,0.0,0.0,0.0,0,0
515,1,test,1.0,1.0,1.0,1,0
516,0,train,0.0,0.0,0.0,0,0
517,1,train,0.0,1.0,0.0,0,1
518,1,train,1.0,1.0,1.0,1,0
519,1,train,0.0,0.0,0.0,0,1
520,1,train,1.0,1.0,1.0,1,0
521,0,train,0.0,0.0,0.0,0,0
522,0,test,0.0,1.0,0.0,0,0
523,1,train,0.0,0.0,0.0,0,1
524,1,test,1.0,1.0,1.0,1,0
525,0,test,0.0,0.0,0.0,0,0
526,0,test,0.0,0.0,0.0,0,0
527,0,train,0.0,0.0,0.0,0,0
528,1,test,0.0,0.0,0.0,0,1
529,1,train,1.0,1.0,1.0,1,0
530,0,train,0.0,0.0,0.0,0,0
531,0,train,0.0,0.0,0.0,0,0
532,0,test,0.0,0.0,0.0,0,0
533,0,train,0.0,0.0,0.0,0,0
534,0,test,0.0,0.0,0.0,0,0
535,0,train,0.0,0.0,0.0,0,0
536,0,train,1.0,1.0,1.0,1,1
537,0,train,0.0,0.0,0.0,0,0
538,0,train,0.0,0.0,0.0,0,0
539,0,train,0.0,0.0,0.0,0,0
540,0,train,0.0,0.0,0.0,0,0
541,1,test,1.0,1.0,1.0,1,0
542,0,train,0.0,0.0,0.0,0,0
543,0,train,0.0,0.0,0.0,0,0
544,1,train,0.0,0.0,0.0,0,1
545,0,train,0.0,0.0,0.0,0,0
546,0,test,0.0,0.0,0.0,0,0
547,0,train,0.0,0.0,0.0,0,0
548,0,train,0.0,0.0,0.0,0,0
549,0,train,0.0,0.0,0.0,0,0
550,0,test,0.0,0.0,0.0,0,0
551,0,train,1.0,0.0,1.0,1,1
552,1,train,0.0,1.0,1.0,1,0
553,0,train,0.0,0.0,0.0,0,0
554,1,train,0.0,0.0,0.0,0,1
555,0,train,0.0,0.0,0.0,0,0
556,0,train,0.0,0.0,0.0,0,0
557,0,test,1.0,1.0,1.0,1,1
558,0,train,0.0,0.0,0.0,0,0
559,0,train,0.0,0.0,0.0,0,0
560,1,train,1.0,1.0,1.0,1,0
561,0,test,0.0,0.0,0.0,0,0
562,1,test,1.0,0.0,1.0,1,0
563,0,train,0.0,0.0,0.0,0,0
564,1,test,1.0,1.0,1.0,1,0
565,0,test,1.0,0.0,1.0,1,1
566,0,train,0.0,0.0,0.0,0,0
567,0,train,0.0,0.0,0.0,0,0
568,0,train,0.0,0.0,0.0,0,0
569,0,train,0.0,0.0,0.0,0,0
570,0,train,0.0,0.0,0.0,0,0
571,0,train,0.0,0.0,0.0,0,0
573,1,train,1.0,1.0,1.0,1,0
574,1,train,1.0,1.0,1.0,1,0
575,0,test,0.0,0.0,0.0,0,0
577,0,test,0.0,0.0,0.0,0,0
578,0,test,1.0,1.0,1.0,1,1
579,0,test,0.0,0.0,0.0,0,0
580,0,test,0.0,1.0,0.0,0,0
581,0,train,1.0,1.0,1.0,1,1
582,0,train,0.0,0.0,0.0,0,0
584,0,train,0.0,0.0,0.0,0,0
585,0,train,0.0,0.0,0.0,0,0
586,0,test,0.0,0.0,0.0,0,0
587,1,test,1.0,1.0,1.0,1,0
588,1,train,1.0,1.0,1.0,1,0
589,1,train,1.0,1.0,1.0,1,0
590,0,train,0.0,0.0,0.0,0,0
591,1,train,1.0,1.0,1.0,1,0
592,1,test,1.0,1.0,1.0,1,0
593,0,train,0.0,0.0,0.0,0,0
594,1,train,1.0,1.0,1.0,1,0
595,1,train,1.0,1.0,1.0,1,0
596,0,train,1.0,0.0,1.0,1,1
597,0,train,0.0,0.0,0.0,0,0
598,0,train,0.0,0.0,0.0,0,0
599,1,train,1.0,1.0,1.0,1,0
600,0,train,0.0,0.0,0.0,0,0
601,0,train,0.0,0.0,0.0,0,0
602,0,train,0.0,0.0,0.0,0,0
603,0,train,0.0,0.0,0.0,0,0
604,1,test,1.0,1.0,1.0,1,0
605,0,train,0.0,0.0,0.0,0,0
606,1,train,0.0,0.0,0.0,0,1
607,1,train,1.0,0.0,1.0,1,0
609,0,train,0.0,0.0,0.0,0,0
610,0,train,1.0,1.0,1.0,1,1
611,1,test,1.0,1.0,1.0,1,0
612,0,train,0.0,0.0,0.0,0,0
613,1,test,1.0,1.0,1.0,1,0
614,0,train,1.0,1.0,1.0,1,1
615,0,test,0.0,0.0,0.0,0,0
616,0,train,0.0,0.0,0.0,0,0
617,0,test,0.0,0.0,0.0,0,0
618,1,train,1.0,1.0,1.0,1,0
619,0,train,0.0,0.0,0.0,0,0
620,0,test,0.0,0.0,0.0,0,0
621,0,train,0.0,0.0,0.0,0,0
622,1,train,0.0,1.0,0.0,0,1
623,0,train,0.0,0.0,0.0,0,0
624,0,train,0.0,0.0,0.0,0,0
625,1,test,1.0,1.0,1.0,1,0
626,0,test,1.0,1.0,1.0,1,1
627,0,train,1.0,1.0,1.0,1,1
628,0,test,0.0,1.0,0.0,0,0
629,1,train,1.0,1.0,1.0,1,0
630,1,train,1.0,1.0,1.0,1,0
631,0,test,0.0,0.0,0.0,0,0
632,0,test,1.0,1.0,1.0,1,1
633,1,test,1.0,1.0,1.0,1,0
634,0,train,0.0,0.0,0.0,0,0
635,0,test,1.0,0.0,1.0,1,1
636,0,train,0.0,0.0,0.0,0,0
637,0,test,0.0,0.0,0.0,0,0
638,0,test,0.0,0.0,0.0,0,0
639,0,test,0.0,0.0,0.0,0,0
640,0,test,0.0,0.0,0.0,0,0
641,1,train,1.0,1.0,1.0,1,0
642,0,train,0.0,0.0,0.0,0,0
643,0,test,0.0,1.0,0.0,0,0
644,0,train,0.0,0.0,0.0,0,0
645,0,train,0.0,0.0,0.0,0,0
646,1,train,1.0,1.0,1.0,1,0
647,1,test,1.0,1.0,1.0,1,0
648,1,train,1.0,1.0,1.0,1,0
649,1,train,1.0,1.0,1.0,1,0
650,0,test,0.0,1.0,0.0,0,0
651,0,train,0.0,0.0,0.0,0,0
652,0,test,0.0,0.0,0.0,0,0
653,1,test,1.0,1.0,1.0,1,0
654,0,test,0.0,0.0,0.0,0,0
655,0,train,0.0,0.0,0.0,0,0
656,0,test,0.0,0.0,0.0,0,0
657,0,test,0.0,0.0,0.0,0,0
658,0,test,0.0,0.0,0.0,0,0
659,0,train,0.0,0.0,0.0,0,0
660,1,train,1.0,1.0,1.0,1,0
662,1,train,1.0,1.0,1.0,1,0
663,0,test,1.0,1.0,1.0,1,1
664,0,test,0.0,0.0,0.0,0,0
665,0,test,0.0,0.0,0.0,0,0
666,0,train,0.0,0.0,0.0,0,0
667,1,train,0.0,0.0,0.0,0,1
668,0,test,1.0,0.0,0.0,0,0
669,1,train,0.0,1.0,0.0,0,1
670,0,train,0.0,0.0,0.0,0,0
672,1,train,0.0,0.0,0.0,0,1
673,1,train,0.0,0.0,0.0,0,1
674,0,train,0.0,0.0,0.0,0,0
675,0,train,0.0,0.0,0.0,0,0
676,0,train,0.0,0.0,0.0,0,0
677,1,train,1.0,0.0,0.0,0,1
678,0,train,0.0,0.0,0.0,0,0
679,1,train,1.0,1.0,1.0,1,0
681,0,train,0.0,0.0,0.0,0,0
682,0,train,0.0,0.0,0.0,0,0
683,0,test,0.0,0.0,0.0,0,0
684,0,test,0.0,0.0,0.0,0,0
685,0,train,0.0,0.0,0.0,0,0
686,0,test,0.0,0.0,0.0,0,0
687,0,train,1.0,1.0,1.0,1,1
688,0,test,0.0,0.0,0.0,0,0
689,0,test,0.0,0.0,0.0,0,0
690,1,train,1.0,1.0,1.0,1,0
691,0,test,0.0,0.0,0.0,0,0
692,0,test,0.0,0.0,0.0,0,0
693,0,train,0.0,0.0,0.0,0,0
694,0,test,1.0,1.0,1.0,1,1
695,1,train,1.0,1.0,1.0,1,0
696,0,test,0.0,1.0,0.0,0,0
697,0,train,0.0,0.0,0.0,0,0
698,0,train,1.0,1.0,1.0,1,1
699,1,test,1.0,1.0,1.0,1,0
700,0,train,0.0,0.0,0.0,0,0
701,1,train,1.0,1.0,1.0,1,0
702,0,test,0.0,0.0,0.0,0,0
703,0,test,0.0,0.0,0.0,0,0
705,0,test,1.0,1.0,1.0,1,1
706,0,train,0.0,0.0,0.0,0,0
707,0,test,0.0,0.0,0.0,0,0
708,0,train,0.0,0.0,0.0,0,0
709,0,train,0.0,0.0,0.0,0,0
710,1,train,1.0,1.0,1.0,1,0
711,0,test,0.0,0.0,0.0,0,0
712,1,train,0.0,1.0,0.0,0,1
713,0,train,0.0,0.0,0.0,0,0
714,0,train,1.0,0.0,1.0,1,1
715,0,test,0.0,0.0,0.0,0,0
716,0,train,0.0,0.0,0.0,0,0
717,0,train,0.0,0.0,0.0,0,0
718,0,train,0.0,0.0,0.0,0,0
719,1,test,1.0,1.0,1.0,1,0
720,0,test,0.0,0.0,0.0,0,0
721,1,train,1.0,0.0,1.0,1,0
722,1,train,1.0,0.0,1.0,1,0
727,0,test,0.0,0.0,0.0,0,0
728,0,test,0.0,0.0,0.0,0,0
729,0,train,0.0,0.0,0.0,0,0
730,0,train,0.0,1.0,0.0,0,0
731,0,train,0.0,0.0,0.0,0,0
732,0,test,0.0,1.0,0.0,0,0
733,0,train,0.0,0.0,0.0,0,0
734,0,test,0.0,0.0,0.0,0,0
735,0,train,0.0,0.0,0.0,0,0
736,0,train,0.0,0.0,0.0,0,0
737,0,train,0.0,0.0,0.0,0,0
738,0,train,0.0,0.0,0.0,0,0
739,0,test,0.0,0.0,0.0,0,0
740,0,train,0.0,0.0,0.0,0,0
741,0,train,0.0,1.0,0.0,0,0
742,0,train,1.0,1.0,1.0,1,1
743,1,train,1.0,1.0,1.0,1,0
744,0,test,0.0,0.0,0.0,0,0
745,0,train,0.0,0.0,0.0,0,0
747,0,test,0.0,0.0,0.0,0,0
748,0,train,0.0,0.0,0.0,0,0
749,0,train,0.0,0.0,0.0,0,0
750,0,train,0.0,0.0,0.0,0,0
752,1,test,0.0,0.0,0.0,0,1
753,0,train,0.0,0.0,0.0,0,0
754,0,test,0.0,0.0,0.0,0,0
755,0,train,0.0,1.0,1.0,1,1
756,0,train,0.0,0.0,0.0,0,0
757,0,train,0.0,0.0,0.0,0,0
758,0,train,0.0,0.0,0.0,0,0
759,0,train,0.0,0.0,0.0,0,0
760,0,train,0.0,1.0,0.0,0,0
761,0,test,0.0,0.0,0.0,0,0
762,0,train,1.0,1.0,1.0,1,1
763,1,train,1.0,1.0,1.0,1,0
764,1,test,1.0,1.0,1.0,1,0
765,0,train,0.0,0.0,0.0,0,0
766,1,train,1.0,1.0,1.0,1,0
767,0,train,1.0,1.0,1.0,1,1
768,1,train,0.0,0.0,0.0,0,1
769,1,train,1.0,1.0,1.0,1,0
770,0,train,0.0,0.0,0.0,0,0
771,0,test,0.0,0.0,0.0,0,0
772,0,train,0.0,0.0,0.0,0,0
773,0,train,1.0,1.0,1.0,1,1
774,0,test,0.0,0.0,0.0,0,0
775,0,test,1.0,1.0,1.0,1,1
776,0,train,0.0,0.0,0.0,0,0
777,0,train,1.0,0.0,1.0,1,1
778,0,test,0.0,0.0,0.0,0,0
779,1,test,1.0,1.0,1.0,1,0
780,0,train,0.0,0.0,0.0,0,0
781,0,train,0.0,0.0,0.0,0,0
782,0,train,0.0,0.0,0.0,0,0
783,0,train,0.0,0.0,0.0,0,0
784,1,train,1.0,1.0,1.0,1,0
785,0,train,0.0,0.0,0.0,0,0
786,0,train,0.0,0.0,0.0,0,0
787,0,test,0.0,0.0,0.0,0,0
788,0,train,0.0,0.0,0.0,0,0
789,1,train,1.0,1.0,1.0,1,0
790,0,test,0.0,0.0,0.0,0,0
791,0,test,0.0,0.0,0.0,0,0
792,0,train,0.0,1.0,1.0,1,1
794,0,test,0.0,0.0,0.0,0,0
795,1,train,0.0,0.0,0.0,0,1
796,0,train,0.0,0.0,0.0,0,0
797,0,test,1.0,1.0,0.0,1,1
798,0,train,0.0,0.0,0.0,0,0
799,0,test,0.0,0.0,0.0,0,0
801,0,train,0.0,0.0,0.0,0,0
802,0,train,0.0,0.0,0.0,0,0
803,0,test,0.0,0.0,0.0,0,0
804,0,train,0.0,0.0,0.0,0,0
805,0,test,0.0,0.0,0.0,0,0
806,0,train,0.0,0.0,0.0,0,0
807,0,train,1.0,1.0,1.0,1,1
808,1,train,1.0,1.0,1.0,1,0
809,0,train,0.0,0.0,0.0,0,0
810,0,test,0.0,0.0,0.0,0,0
811,0,train,0.0,0.0,0.0,0,0
812,0,test,0.0,0.0,0.0,0,0
813,0,train,0.0,0.0,0.0,0,0
815,0,train,0.0,0.0,0.0,0,0
816,1,train,1.0,1.0,1.0,1,0
817,0,train,0.0,0.0,0.0,0,0
818,1,train,1.0,1.0,1.0,1,0
819,0,test,0.0,0.0,0.0,0,0
820,0,test,0.0,0.0,0.0,0,0
821,0,train,1.0,1.0,1.0,1,1
822,0,train,0.0,0.0,0.0,0,0
823,0,test,0.0,0.0,0.0,0,0
824,0,train,0.0,0.0,0.0,0,0
825,0,train,0.0,0.0,0.0,0,0
826,0,test,0.0,0.0,0.0,0,0
827,0,train,0.0,0.0,0.0,0,0
828,0,train,0.0,0.0,0.0,0,0
829,0,train,0.0,0.0,0.0,0,0
830,0,train,0.0,0.0,0.0,0,0
831,0,test,0.0,0.0,0.0,0,0
832,0,test,0.0,0.0,0.0,0,0
834,0,test,0.0,0.0,0.0,0,0
835,0,train,0.0,0.0,0.0,0,0
836,1,train,0.0,0.0,0.0,0,1
837,1,test,1.0,0.0,0.0,0,1
838,0,test,0.0,0.0,0.0,0,0
839,1,train,0.0,0.0,0.0,0,1
840,0,train,0.0,0.0,0.0,0,0
841,1,test,0.0,0.0,0.0,0,1
842,0,train,0.0,0.0,0.0,0,0
843,0,test,0.0,0.0,0.0,0,0
845,0,test,0.0,0.0,0.0,0,0
846,1,train,1.0,0.0,1.0,1,0
847,0,test,0.0,0.0,0.0,0,0
848,0,train,0.0,0.0,0.0,0,0
849,0,train,0.0,0.0,0.0,0,0
850,0,train,1.0,1.0,1.0,1,1
851,0,train,1.0,0.0,1.0,1,1
852,1,train,1.0,1.0,1.0,1,0
853,0,train,0.0,0.0,0.0,0,0
854,0,test,0.0,0.0,0.0,0,0
855,0,test,0.0,0.0,0.0,0,0
856,0,test,0.0,0.0,0.0,0,0
857,1,train,1.0,0.0,1.0,1,0
858,0,test,0.0,0.0,0.0,0,0
859,0,train,0.0,0.0,0.0,0,0
860,1,train,0.0,0.0,0.0,0,1
861,1,test,0.0,0.0,0.0,0,1
862,0,train,0.0,0.0,0.0,0,0
863,0,test,0.0,0.0,0.0,0,0
864,0,train,0.0,0.0,0.0,0,0
865,0,train,0.0,0.0,0.0,0,0
866,1,train,0.0,0.0,0.0,0,1
867,0,train,0.0,0.0,0.0,0,0
868,0,train,0.0,0.0,0.0,0,0
869,0,train,0.0,0.0,0.0,0,0
870,0,train,0.0,0.0,0.0,0,0
871,0,test,0.0,0.0,0.0,0,0
872,0,train,0.0,0.0,0.0,0,0
873,0,train,0.0,0.0,0.0,0,0
874,0,train,0.0,0.0,0.0,0,0
875,0,test,0.0,0.0,0.0,0,0
876,0,train,0.0,0.0,0.0,0,0
877,0,test,0.0,0.0,0.0,0,0
878,0,train,0.0,0.0,0.0,0,0
879,0,test,0.0,0.0,0.0,0,0
880,0,train,1.0,0.0,1.0,1,1
881,1,train,1.0,1.0,1.0,1,0
882,0,test,0.0,0.0,0.0,0,0
883,0,test,0.0,0.0,0.0,0,0
884,0,train,0.0,0.0,0.0,0,0
885,0,train,0.0,0.0,0.0,0,0
886,0,test,0.0,0.0,0.0,0,0
888,0,train,0.0,0.0,0.0,0,0
889,0,train,1.0,1.0,1.0,1,1
890,0,train,0.0,0.0,0.0,0,0
891,0,train,0.0,0.0,0.0,0,0
892,0,train,0.0,0.0,0.0,0,0
893,0,train,0.0,0.0,0.0,0,0
894,1,test,1.0,0.0,1.0,1,0
895,0,train,0.0,0.0,0.0,0,0
897,0,train,0.0,0.0,0.0,0,0
898,0,train,0.0,0.0,0.0,0,0
899,0,test,0.0,0.0,0.0,0,0
900,0,train,0.0,0.0,0.0,0,0
901,0,test,0.0,0.0,0.0,0,0
902,0,train,0.0,0.0,0.0,0,0
903,0,test,0.0,0.0,0.0,0,0
904,0,train,1.0,1.0,1.0,1,1
905,0,train,0.0,0.0,0.0,0,0
906,0,train,0.0,0.0,0.0,0,0
907,1,train,1.0,1.0,1.0,1,0
908,0,train,1.0,1.0,1.0,1,1
909,0,train,1.0,1.0,1.0,1,1
910,0,test,0.0,0.0,0.0,0,0
911,0,train,0.0,0.0,0.0,0,0
912,0,train,0.0,0.0,0.0,0,0
913,0,train,0.0,0.0,0.0,0,0
914,0,test,0.0,0.0,0.0,0,0
915,1,train,0.0,0.0,0.0,0,1
916,0,train,0.0,0.0,0.0,0,0
917,0,train,0.0,0.0,0.0,0,0
918,0,test,0.0,0.0,0.0,0,0
919,0,train,0.0,0.0,0.0,0,0
920,0,train,1.0,0.0,1.0,1,1
921,0,test,0.0,1.0,0.0,0,0
922,1,train,1.0,1.0,1.0,1,0
923,0,test,0.0,0.0,0.0,0,0
924,0,train,0.0,0.0,0.0,0,0
925,1,train,0.0,0.0,0.0,0,1
926,0,train,0.0,0.0,0.0,0,0
927,0,train,0.0,0.0,0.0,0,0
928,0,train,0.0,0.0,0.0,0,0
929,0,test,0.0,0.0,0.0,0,0
930,0,train,0.0,0.0,0.0,0,0
931,0,train,0.0,0.0,0.0,0,0
932,0,train,1.0,1.0,1.0,1,1
933,1,train,1.0,1.0,1.0,1,0
934,0,train,0.0,0.0,0.0,0,0
937,1,train,1.0,1.0,1.0,1,0
938,0,train,0.0,1.0,0.0,0,0
939,0,train,0.0,0.0,0.0,0,0
940,0,test,1.0,1.0,1.0,1,1
941,0,train,0.0,1.0,0.0,0,0
942,0,test,1.0,1.0,1.0,1,1
943,0,test,0.0,0.0,0.0,0,0
945,0,train,0.0,0.0,0.0,0,0
946,0,train,0.0,0.0,0.0,0,0
947,0,train,0.0,0.0,0.0,0,0
948,1,train,1.0,1.0,1.0,1,0
949,0,train,0.0,0.0,0.0,0,0
950,0,train,0.0,0.0,0.0,0,0
951,0,train,0.0,0.0,0.0,0,0
952,1,test,1.0,1.0,1.0,1,0
954,0,train,0.0,0.0,0.0,0,0
955,0,train,0.0,0.0,0.0,0,0
956,0,test,0.0,0.0,0.0,0,0
957,0,train,1.0,1.0,1.0,1,1
958,0,test,0.0,0.0,0.0,0,0
959,0,train,0.0,0.0,0.0,0,0
960,0,train,1.0,1.0,1.0,1,1
961,0,test,0.0,0.0,0.0,0,0
962,0,test,0.0,0.0,0.0,0,0
963,0,train,0.0,0.0,0.0,0,0
964,0,test,0.0,0.0,0.0,0,0
965,0,train,0.0,1.0,0.0,0,0
966,0,train,0.0,0.0,0.0,0,0
967,1,test,0.0,0.0,0.0,0,1
968,0,train,0.0,0.0,0.0,0,0
969,0,train,0.0,0.0,0.0,0,0
970,0,train,0.0,0.0,0.0,0,0
971,0,test,1.0,1.0,1.0,1,1
972,1,test,0.0,0.0,0.0,0,1
973,1,train,0.0,0.0,0.0,0,1
974,0,train,0.0,0.0,0.0,0,0
975,1,train,1.0,1.0,1.0,1,0
976,0,train,0.0,0.0,0.0,0,0
977,0,train,0.0,0.0,0.0,0,0
978,0,train,0.0,0.0,0.0,0,0
979,0,test,0.0,0.0,0.0,0,0
980,0,train,0.0,1.0,0.0,0,0
981,0,train,0.0,0.0,0.0,0,0
982,1,train,0.0,0.0,0.0,0,1
983,0,test,0.0,0.0,0.0,0,0
984,0,test,0.0,0.0,0.0,0,0
985,0,train,0.0,0.0,0.0,0,0
986,0,train,1.0,1.0,1.0,1,1
987,1,test,1.0,1.0,1.0,1,0
988,0,train,0.0,0.0,0.0,0,0
989,1,test,1.0,1.0,1.0,1,0
990,0,train,0.0,0.0,0.0,0,0
991,0,train,0.0,0.0,0.0,0,0
992,0,test,0.0,0.0,0.0,0,0
993,0,train,0.0,0.0,0.0,0,0
994,1,train,1.0,1.0,1.0,1,0
995,0,train,0.0,0.0,0.0,0,0
996,1,train,0.0,0.0,0.0,0,1
997,0,train,0.0,0.0,0.0,0,0
998,0,train,0.0,0.0,0.0,0,0
999,0,train,1.0,1.0,1.0,1,1
1000,0,train,0.0,0.0,0.0,0,0
1001,0,train,0.0,0.0,0.0,0,0
1002,0,train,0.0,0.0,0.0,0,0
1003,0,train,0.0,1.0,0.0,0,0
1004,0,train,0.0,1.0,1.0,1,1
1005,1,train,1.0,1.0,1.0,1,0
1006,0,test,0.0,0.0,0.0,0,0
1007,0,train,1.0,1.0,1.0,1,1
1008,1,test,0.0,1.0,0.0,0,1
1009,1,train,1.0,1.0,1.0,1,0
1010,0,train,0.0,0.0,0.0,0,0
1011,0,train,1.0,1.0,1.0,1,1
1012,0,train,0.0,0.0,0.0,0,0
1013,0,test,1.0,0.0,1.0,1,1
1014,0,train,0.0,1.0,0.0,0,0
1015,1,train,1.0,1.0,1.0,1,0
1016,0,train,1.0,1.0,1.0,1,1
1017,0,test,1.0,0.0,1.0,1,1
1019,1,test,1.0,1.0,1.0,1,0
1020,0,test,0.0,1.0,0.0,0,0
1021,1,train,1.0,1.0,1.0,1,0
1022,0,train,1.0,1.0,1.0,1,1
1023,0,train,0.0,0.0,0.0,0,0
1024,1,train,1.0,1.0,1.0,1,0
1025,1,test,0.0,0.0,0.0,0,1
1026,0,test,0.0,0.0,0.0,0,0
1027,0,test,0.0,0.0,0.0,0,0
1028,0,train,0.0,0.0,0.0,0,0
1029,0,train,0.0,0.0,0.0,0,0
1030,0,test,0.0,0.0,0.0,0,0
1031,1,test,0.0,1.0,0.0,0,1
1032,0,train,0.0,0.0,0.0,0,0
1033,0,train,0.0,0.0,0.0,0,0
1034,0,train,0.0,0.0,0.0,0,0
1035,0,test,0.0,0.0,0.0,0,0
1036,0,test,0.0,0.0,0.0,0,0
1037,0,test,0.0,0.0,0.0,0,0
1038,0,train,0.0,0.0,0.0,0,0
1039,1,train,0.0,0.0,0.0,0,1
1040,0,test,0.0,0.0,0.0,0,0
1041,0,test,0.0,0.0,0.0,0,0
1042,0,train,0.0,0.0,0.0,0,0
1043,0,train,1.0,1.0,1.0,1,1
1044,0,train,0.0,0.0,0.0,0,0
1045,0,train,0.0,0.0,0.0,0,0
1046,0,train,0.0,0.0,0.0,0,0
1047,0,train,0.0,0.0,0.0,0,0
1048,0,train,0.0,0.0,0.0,0,0
1049,1,train,1.0,1.0,1.0,1,0
1050,0,train,0.0,1.0,0.0,0,0
1051,0,train,0.0,1.0,0.0,0,0
1052,0,train,0.0,0.0,0.0,0,0
1053,0,test,0.0,0.0,0.0,0,0
1054,0,train,0.0,0.0,0.0,0,0
1055,0,train,0.0,0.0,0.0,0,0
1056,0,test,0.0,0.0,0.0,0,0
1057,0,train,0.0,0.0,0.0,0,0
1058,1,train,0.0,0.0,0.0,0,1
1059,1,train,0.0,0.0,0.0,0,1
1060,0,train,0.0,0.0,0.0,0,0
1061,0,train,0.0,0.0,0.0,0,0
1062,0,test,0.0,0.0,0.0,0,0
1063,0,train,0.0,0.0,0.0,0,0
1064,1,train,1.0,1.0,1.0,1,0
1065,0,train,0.0,0.0,0.0,0,0
1066,0,train,0.0,0.0,0.0,0,0
1067,0,train,0.0,1.0,0.0,0,0
1068,0,train,0.0,0.0,0.0,0,0
1069,0,train,0.0,0.0,0.0,0,0
1070,0,train,0.0,0.0,0.0,0,0
1071,0,test,0.0,0.0,0.0,0,0
1072,0,test,0.0,0.0,0.0,0,0
1073,0,train,0.0,0.0,0.0,0,0
1074,0,test,0.0,0.0,0.0,0,0
1075,0,train,0.0,0.0,0.0,0,0
1076,0,train,0.0,0.0,0.0,0,0
1077,0,train,0.0,1.0,0.0,0,0
1078,0,test,0.0,0.0,0.0,0,0
1080,0,train,0.0,0.0,0.0,0,0
1081,0,train,0.0,0.0,0.0,0,0
1082,0,train,0.0,0.0,0.0,0,0
1083,0,test,0.0,0.0,0.0,0,0
1084,0,train,0.0,0.0,0.0,0,0
1086,1,train,0.0,0.0,0.0,0,1
1087,0,train,0.0,0.0,0.0,0,0
1088,0,train,0.0,0.0,0.0,0,0
1089,0,train,0.0,1.0,1.0,1,1
1091,1,train,1.0,1.0,1.0,1,0
1093,0,test,0.0,0.0,0.0,0,0
1094,0,train,0.0,0.0,0.0,0,0
1095,1,train,1.0,1.0,1.0,1,0
1097,0,train,0.0,0.0,0.0,0,0
1098,0,train,0.0,0.0,0.0,0,0
1099,1,train,0.0,0.0,0.0,0,1
1100,0,test,0.0,0.0,0.0,0,0
1101,1,train,0.0,1.0,0.0,0,1
1102,0,train,0.0,0.0,0.0,0,0
1103,0,train,0.0,0.0,0.0,0,0
1104,0,train,0.0,0.0,0.0,0,0
1105,0,train,0.0,0.0,0.0,0,0
1106,0,train,0.0,0.0,0.0,0,0
1107,0,test,0.0,0.0,0.0,0,0
1108,0,train,0.0,0.0,0.0,0,0
1109,0,test,0.0,0.0,0.0,0,0
1110,0,train,1.0,1.0,1.0,1,1
1111,0,train,1.0,1.0,1.0,1,1
1112,0,train,0.0,0.0,0.0,0,0
1113,1,test,1.0,1.0,1.0,1,0
1114,0,train,0.0,0.0,0.0,0,0
1116,0,train,0.0,0.0,0.0,0,0
1117,1,train,1.0,1.0,1.0,1,0
1118,0,train,0.0,0.0,0.0,0,0
1119,0,test,0.0,0.0,0.0,0,0
1120,0,test,0.0,0.0,0.0,0,0
1121,0,train,0.0,0.0,0.0,0,0
1122,0,test,1.0,1.0,1.0,1,1
1123,1,test,1.0,1.0,1.0,1,0
1124,0,train,0.0,0.0,0.0,0,0
1125,0,train,0.0,0.0,0.0,0,0
1127,0,train,0.0,0.0,0.0,0,0
1128,0,test,0.0,0.0,0.0,0,0
1129,0,train,0.0,0.0,0.0,0,0
1130,0,train,0.0,0.0,0.0,0,0
1131,0,train,0.0,1.0,0.0,0,0
1132,0,train,0.0,0.0,0.0,0,0
1133,0,test,0.0,0.0,0.0,0,0
1134,0,train,0.0,0.0,0.0,0,0
1135,1,train,1.0,1.0,1.0,1,0
1137,1,test,1.0,1.0,1.0,1,0
1138,1,train,0.0,1.0,1.0,1,0
1139,1,train,0.0,0.0,0.0,0,1
1140,0,test,1.0,0.0,1.0,1,1
1141,0,test,0.0,0.0,0.0,0,0
1142,0,train,1.0,0.0,1.0,1,1
1143,0,train,1.0,1.0,1.0,1,1
1144,0,train,1.0,0.0,1.0,1,1
1145,0,train,0.0,0.0,0.0,0,0
1147,1,train,1.0,1.0,1.0,1,0
1148,1,train,1.0,1.0,1.0,1,0
1149,1,test,0.0,0.0,0.0,0,1
1150,0,test,0.0,0.0,0.0,0,0
1151,0,test,0.0,0.0,0.0,0,0
1152,1,test,0.0,0.0,0.0,0,1
1153,0,train,0.0,0.0,0.0,0,0
1154,0,train,0.0,0.0,0.0,0,0
1155,0,test,0.0,0.0,0.0,0,0
1156,0,train,1.0,1.0,1.0,1,1
1157,0,train,0.0,0.0,0.0,0,0
1158,0,test,0.0,0.0,0.0,0,0
1159,0,test,0.0,0.0,0.0,0,0
1161,0,train,0.0,0.0,0.0,0,0
1162,0,test,0.0,0.0,0.0,0,0
1163,0,train,0.0,0.0,0.0,0,0
1164,0,train,1.0,0.0,0.0,0,0
1166,0,test,0.0,0.0,0.0,0,0
1167,1,test,1.0,1.0,1.0,1,0
1168,0,test,0.0,1.0,0.0,0,0
1169,0,train,0.0,0.0,0.0,0,0
1170,0,train,0.0,0.0,0.0,0,0
1171,0,test,0.0,0.0,0.0,0,0
1172,0,train,0.0,0.0,0.0,0,0
1173,0,train,0.0,0.0,0.0,0,0
1174,0,train,0.0,0.0,0.0,0,0
1175,1,train,1.0,0.0,1.0,1,0
1176,0,train,0.0,0.0,0.0,0,0
1177,0,train,1.0,1.0,1.0,1,1
1178,1,train,1.0,1.0,1.0,1,0
1179,0,test,0.0,0.0,0.0,0,0
1180,0,train,0.0,0.0,0.0,0,0
1181,0,train,0.0,0.0,0.0,0,0
1182,1,test,0.0,0.0,0.0,0,1
1183,1,train,1.0,1.0,1.0,1,0
1184,0,train,1.0,0.0,1.0,1,1
1185,0,train,0.0,0.0,0.0,0,0
1186,1,train,0.0,0.0,0.0,0,1
1187,1,test,1.0,1.0,1.0,1,0
1188,0,train,0.0,0.0,0.0,0,0
1189,1,train,1.0,1.0,1.0,1,0
1190,0,train,0.0,0.0,0.0,0,0
1191,1,train,1.0,1.0,1.0,1,0
1192,0,train,1.0,1.0,1.0,1,1
1194,0,test,0.0,0.0,0.0,0,0
1195,0,test,0.0,0.0,0.0,0,0
1196,0,train,1.0,1.0,1.0,1,1
1197,0,train,0.0,0.0,0.0,0,0
1198,1,test,0.0,0.0,0.0,0,1
1199,1,train,0.0,0.0,0.0,0,1
1200,0,train,0.0,0.0,0.0,0,0
1201,0,train,0.0,0.0,0.0,0,0
1202,1,train,0.0,0.0,0.0,0,1
1203,0,train,0.0,0.0,0.0,0,0
1204,0,train,0.0,0.0,0.0,0,0
1205,0,train,0.0,0.0,0.0,0,0
1206,1,train,1.0,1.0,0.0,1,0
1207,0,train,0.0,0.0,0.0,0,0
1208,0,test,0.0,0.0,0.0,0,0
1209,0,train,0.0,0.0,0.0,0,0
1210,0,train,0.0,0.0,0.0,0,0
1211,0,train,0.0,0.0,0.0,0,0
1212,0,train,0.0,0.0,0.0,0,0
1214,0,test,0.0,1.0,0.0,0,0
